Kind,Name,PercentLackOfCohesion,AvgCyclomatic,SumCyclomatic,Essential,MaxNesting,MaxInheritanceTree,CountClassDerived,CountClassBase,CountClassCoupled,CountLineCode,CountLineComment,CountDeclMethod,CountDeclClass
File,"Animation.java",,1,26,,1,,,,,133,12,21,1
File,"Banco.java",,1,4,,0,,,,,20,0,4,1
File,"BaseSprite.java",,1,22,,1,,,,,110,10,18,1
File,"Body.java",,1,42,,2,,,,,192,9,22,1
File,"Campo.java",,1,8,,0,,,,,39,0,8,1
File,"CampoEspecial.java",,1,2,,0,,,,,12,0,2,1
File,"Carta.java",,1,3,,0,,,,,19,0,4,1
File,"CartaAposta.java",,1,5,,2,,,,,24,0,2,1
File,"CartaSaiaDaPrisao.java",,1,4,,1,,,,,22,0,3,1
File,"CartaSorteOuReves.java",,1,1,,0,,,,,10,0,1,1
File,"CartaVaParaPrisao.java",,1,2,,0,,,,,14,0,2,1
File,"Collision.java",,2,4,,1,,,,,20,13,2,1
File,"Compania.java",,1,32,,3,,,,,137,0,18,1
File,"ComprarPropriedade.java",,1,10,,0,,,,,108,16,10,5
File,"ContaBancaria.java",,1,5,,1,,,,,20,0,4,1
File,"ControlBancoImobiliario.java",,1,50,,3,,,,,221,8,23,1
File,"ControlCampos.java",,1,5,,0,,,,,78,0,5,1
File,"ControlPagamentos.java",,1,11,,2,,,,,51,0,7,1
File,"ControlPrisao.java",,1,13,,1,,,,,58,0,7,1
File,"ControlSorteOuReves.java",,1,8,,1,,,,,65,0,6,1
File,"Dado.java",,1,3,,0,,,,,17,0,3,1
File,"EfeitoEspecial.java",,0,0,,0,,,,,5,0,1,1
File,"EntraComJogador.java",,1,9,,1,,,,,80,13,6,2
File,"FactoryCampoEspecial.java",,3,11,,1,,,,,29,0,3,1
File,"FactoryCartas.java",,3,9,,1,,,,,24,0,3,1
File,"FazerPropostaCompraPropriedade.java",,1,10,,0,,,,,90,16,10,5
File,"FichaCriminal.java",,1,5,,0,,,,,21,0,5,1
File,"GameImage.java",,1,3,,0,,,,,22,9,3,1
File,"GameObject.java",,1,9,,0,,,,,54,9,8,1
File,"ImpostoDeRenda.java",,1,3,,1,,,,,17,0,2,1
File,"InputAction.java",,1,11,,2,,,,,56,21,7,1
File,"InputBase.java",,0,0,,0,,,,,6,9,0,1
File,"InserirProposta.java",,1,11,,0,,,,,101,15,11,5
File,"Iterator.java",,0,0,,0,,,,,6,0,3,1
Package,"JPlay",,1,252,,4,,,,,1311,189,170,17
Public Class,"JPlay.Animation",77,1,26,,1,3,1,1,1,132,3,21,
Public Constructor,"JPlay.Animation.Animation",,,1,1,0,,,,,15,0,,
Public Constructor,"JPlay.Animation.Animation",,,1,1,0,,,,,4,0,,
Public Method,"JPlay.Animation.draw",,,2,1,1,,,,,9,0,,
Public Method,"JPlay.Animation.getCurrFrame",,,1,1,0,,,,,4,0,,
Public Method,"JPlay.Animation.getFinalFrame",,,1,1,0,,,,,4,0,,
Public Method,"JPlay.Animation.getInitalFrame",,,1,1,0,,,,,4,0,,
Public Method,"JPlay.Animation.getRepeatAnimation",,,1,1,0,,,,,4,0,,
Public Method,"JPlay.Animation.getTimeChangeFrame",,,1,1,0,,,,,4,0,,
Public Method,"JPlay.Animation.getTimeOfFrame",,,1,1,0,,,,,4,0,,
Public Method,"JPlay.Animation.hide",,,1,1,0,,,,,4,0,,
Public Method,"JPlay.Animation.isAnimationFinished",,,1,1,0,,,,,4,1,,
Public Method,"JPlay.Animation.reset",,,1,1,0,,,,,4,0,,
Public Method,"JPlay.Animation.runAnimation",,,4,1,1,,,,,21,0,,
Public Method,"JPlay.Animation.setCurrFrame",,,1,1,0,,,,,4,0,,
Public Method,"JPlay.Animation.setFinalFrame",,,1,1,0,,,,,4,0,,
Public Method,"JPlay.Animation.setInitialFrame",,,1,1,0,,,,,4,0,,
Public Method,"JPlay.Animation.setRangeOfFrames",,,1,1,0,,,,,6,0,,
Public Method,"JPlay.Animation.setRepeatAnimation",,,1,1,0,,,,,4,0,,
Public Method,"JPlay.Animation.setTimeChangeFrame",,,2,1,1,,,,,5,0,,
Public Method,"JPlay.Animation.setTimeOfFrame",,,1,1,0,,,,,4,0,,
Public Method,"JPlay.Animation.unhide",,,1,1,0,,,,,4,0,,
Class,"JPlay.BaseSprite",91,1,22,,1,4,2,1,3,109,1,18,
Public Constructor,"JPlay.BaseSprite.BaseSprite",,,1,1,0,,,,,4,0,,
Public Constructor,"JPlay.BaseSprite.BaseSprite",,,1,1,0,,,,,4,0,,
Public Method,"JPlay.BaseSprite.collided",,,1,1,0,,,,,4,0,,
Public Method,"JPlay.BaseSprite.fall",,,2,1,1,,,,,11,0,,
Public Method,"JPlay.BaseSprite.getFloor",,,1,1,0,,,,,4,0,,
Public Method,"JPlay.BaseSprite.getGravity",,,1,1,0,,,,,4,0,,
Public Method,"JPlay.BaseSprite.getJumpVelocity",,,1,1,0,,,,,4,0,,
Public Method,"JPlay.BaseSprite.getStateOfX",,,1,1,0,,,,,4,0,,
Public Method,"JPlay.BaseSprite.getStateOfY",,,1,1,0,,,,,4,0,,
Public Method,"JPlay.BaseSprite.isJumping",,,1,1,0,,,,,4,0,,
Public Method,"JPlay.BaseSprite.isOnFloor",,,2,1,1,,,,,6,0,,
Public Method,"JPlay.BaseSprite.jump",,,3,1,1,,,,,16,0,,
Public Method,"JPlay.BaseSprite.jump",,,1,1,0,,,,,4,0,,
Public Method,"JPlay.BaseSprite.setFloor",,,1,1,0,,,,,4,0,,
Public Method,"JPlay.BaseSprite.setGravity",,,1,1,0,,,,,4,0,,
Public Method,"JPlay.BaseSprite.setJumpVelocity",,,1,1,0,,,,,4,0,,
Public Method,"JPlay.BaseSprite.setStateOfX",,,1,1,0,,,,,4,0,,
Public Method,"JPlay.BaseSprite.setStateOfY",,,1,1,0,,,,,4,0,,
Public Class,"JPlay.Body",75,1,42,,2,5,0,1,2,191,0,22,
Public Constructor,"JPlay.Body.Body",,,1,1,0,,,,,4,0,,
Public Constructor,"JPlay.Body.Body",,,1,1,0,,,,,5,0,,
Public Method,"JPlay.Body.accelerateToLeft",,,2,1,1,,,,,4,0,,
Public Method,"JPlay.Body.accelerateToRight",,,2,1,1,,,,,4,0,,
Public Method,"JPlay.Body.acelerateToDown",,,2,1,1,,,,,4,0,,
Public Method,"JPlay.Body.acelerateToUp",,,2,1,1,,,,,4,0,,
Public Method,"JPlay.Body.decelerateX",,,3,1,2,,,,,18,0,,
Public Method,"JPlay.Body.decelerateY",,,3,1,2,,,,,18,0,,
Public Method,"JPlay.Body.getAcceleration",,,1,1,0,,,,,4,0,,
Public Method,"JPlay.Body.getDeceleration",,,1,1,0,,,,,4,0,,
Public Method,"JPlay.Body.getMaxVelocityX",,,1,1,0,,,,,4,0,,
Public Method,"JPlay.Body.getMaxVelocityY",,,1,1,0,,,,,4,0,,
Public Method,"JPlay.Body.moveX",,,1,1,0,,,,,4,0,,
Public Method,"JPlay.Body.moveX",,,6,1,2,,,,,37,0,,
Public Method,"JPlay.Body.moveY",,,1,1,0,,,,,4,0,,
Public Method,"JPlay.Body.moveY",,,8,1,2,,,,,37,0,,
Public Method,"JPlay.Body.setAcceleration",,,1,1,0,,,,,4,0,,
Public Method,"JPlay.Body.setDeceleration",,,1,1,0,,,,,4,0,,
Public Method,"JPlay.Body.setMaxVelocityX",,,1,1,0,,,,,4,0,,
Public Method,"JPlay.Body.setMaxVelocityY",,,1,1,0,,,,,4,0,,
Public Method,"JPlay.Body.walkX",,,1,1,0,,,,,4,0,,
Public Method,"JPlay.Body.walkY",,,1,1,0,,,,,4,0,,
Public Class,"JPlay.Collision",0,2,4,,1,1,0,1,2,19,4,2,
Public Static Method,"JPlay.Collision.collided",,,1,1,0,,,,,8,0,,
Public Static Method,"JPlay.Collision.collided",,,3,3,1,,,,,8,0,,
Public Class,"JPlay.GameImage",33,1,3,,0,2,1,1,1,19,0,3,
Public Constructor,"JPlay.GameImage.GameImage",,,1,1,0,,,,,4,0,,
Public Method,"JPlay.GameImage.draw",,,1,1,0,,,,,4,0,,
Public Method,"JPlay.GameImage.loadImage",,,1,1,0,,,,,7,0,,
Public Class,"JPlay.GameObject",43,1,9,,0,1,1,1,1,52,0,8,
Public Constructor,"JPlay.GameObject.GameObject",,,1,1,0,,,,,7,0,,
Public Method,"JPlay.GameObject.getDimension",,,1,1,0,,,,,4,0,,
Public Method,"JPlay.GameObject.getPosition",,,1,1,0,,,,,4,0,,
Public Method,"JPlay.GameObject.setDimension",,,1,1,0,,,,,5,0,,
Public Method,"JPlay.GameObject.setDimension",,,1,1,0,,,,,5,0,,
Public Method,"JPlay.GameObject.setPosition",,,1,1,0,,,,,5,0,,
Public Method,"JPlay.GameObject.setPosition",,,1,1,0,,,,,5,0,,
Public Method,"JPlay.GameObject.setPosition",,,2,2,0,,,,,10,0,,
Class,"JPlay.InputAction",61,1,11,,2,2,0,1,0,55,12,7,
Public Constructor,"JPlay.InputAction.InputAction",,,1,1,0,,,,,6,0,,
Public Method,"JPlay.InputAction.getAmount",,,4,1,2,,,,,17,0,,
Public Method,"JPlay.InputAction.isPressed",,,1,1,0,,,,,3,0,,
Public Method,"JPlay.InputAction.press",,,1,1,0,,,,,4,0,,
Public Method,"JPlay.InputAction.press",,,2,1,1,,,,,8,0,,
Public Method,"JPlay.InputAction.release",,,1,1,0,,,,,4,0,,
Public Method,"JPlay.InputAction.setBehavior",,,1,1,0,,,,,4,0,,
Class,"JPlay.InputBase",0,0,0,,0,1,3,1,0,5,0,0,
Public Class,"JPlay.Keyboard",80,1,13,,1,2,0,2,1,70,10,9,
Public Constructor,"JPlay.Keyboard.Keyboard",,,1,1,0,,,,,11,1,,
Public Method,"JPlay.Keyboard.addKey",,,1,1,0,,,,,4,0,,
Public Method,"JPlay.Keyboard.addKey",,,1,1,0,,,,,5,0,,
Public Method,"JPlay.Keyboard.keyDown",,,2,1,1,,,,,9,0,,
Public Method,"JPlay.Keyboard.keyPressed",,,2,1,1,,,,,9,1,,
Public Method,"JPlay.Keyboard.keyReleased",,,2,1,1,,,,,9,1,,
Public Method,"JPlay.Keyboard.keyTyped",,,1,1,0,,,,,3,1,,
Public Method,"JPlay.Keyboard.removeKey",,,1,1,0,,,,,4,0,,
Public Method,"JPlay.Keyboard.setBehavior",,,2,1,1,,,,,5,0,,
Public Class,"JPlay.Mouse",80,1,27,,1,2,0,3,2,90,19,16,
Public Constructor,"JPlay.Mouse.Mouse",,,1,1,0,,,,,7,1,,
Public Method,"JPlay.Mouse.getPosition",,,1,1,0,,,,,4,0,,
Public Method,"JPlay.Mouse.isLeftButtonPressed",,,1,1,0,,,,,4,0,,
Public Method,"JPlay.Mouse.isMiddleButtonPressed",,,1,1,0,,,,,4,0,,
Public Method,"JPlay.Mouse.isOverArea",,,1,1,0,,,,,4,0,,
Public Method,"JPlay.Mouse.isOverArea",,,3,3,1,,,,,8,3,,
Public Method,"JPlay.Mouse.isOverObject",,,1,1,0,,,,,6,0,,
Public Method,"JPlay.Mouse.isRightButtonPressed",,,1,1,0,,,,,4,0,,
Public Method,"JPlay.Mouse.mouseClicked",,,1,1,0,,,,,3,0,,
Public Method,"JPlay.Mouse.mouseDragged",,,1,1,0,,,,,2,0,,
Public Method,"JPlay.Mouse.mouseEntered",,,1,1,0,,,,,2,0,,
Public Method,"JPlay.Mouse.mouseExited",,,1,1,0,,,,,2,0,,
Public Method,"JPlay.Mouse.mouseMoved",,,1,1,0,,,,,4,0,,
Public Method,"JPlay.Mouse.mousePressed",,,4,1,1,,,,,9,0,,
Public Method,"JPlay.Mouse.mouseReleased",,,4,1,1,,,,,9,0,,
Public Method,"JPlay.Mouse.setBehavior",,,4,1,1,,,,,9,0,,
Public Class,"JPlay.Point",0,1,2,,0,1,0,1,0,15,0,2,
Public Constructor,"JPlay.Point.Point",,,1,1,0,,,,,5,0,,
Public Method,"JPlay.Point.clone",,,1,1,0,,,,,4,0,,
Public Class,"JPlay.Sound",82,1,15,,1,1,0,1,1,154,3,10,
Private Class,"JPlay.Sound.Song",60,2,13,,4,2,0,1,1,68,2,5,
Private Method,"JPlay.Sound.Song.getController",,,1,1,0,,,,,3,0,,
Private Method,"JPlay.Sound.Song.initSource",,,2,1,1,,,,,8,0,,
Private Method,"JPlay.Sound.Song.mudarVolume",,,1,1,0,,,,,3,0,,
Private Method,"JPlay.Sound.Song.readAudio",,,2,1,1,,,,,9,0,,
Public Method,"JPlay.Sound.Song.run",,,7,1,4,,,,,40,2,,
Public Constructor,"JPlay.Sound.Sound",,,1,1,0,,,,,6,0,,
Public Method,"JPlay.Sound.decreaseVolume",,,1,1,0,,,,,5,0,,
Public Method,"JPlay.Sound.increaseVolume",,,1,1,0,,,,,5,0,,
Public Method,"JPlay.Sound.isExecuting",,,1,1,0,,,,,4,0,,
Public Method,"JPlay.Sound.load",,,4,1,1,,,,,25,0,,
Public Method,"JPlay.Sound.pause",,,1,1,0,,,,,4,0,,
Public Method,"JPlay.Sound.play",,,2,1,1,,,,,10,1,,
Public Method,"JPlay.Sound.setRepeat",,,1,1,0,,,,,4,0,,
Public Method,"JPlay.Sound.setVolume",,,1,1,0,,,,,5,0,,
Public Method,"JPlay.Sound.stop",,,2,1,1,,,,,5,0,,
Public Class,"JPlay.Sprite",88,1,27,,2,5,0,1,2,115,0,15,
Public Constructor,"JPlay.Sprite.Sprite",,,1,1,0,,,,,4,0,,
Public Constructor,"JPlay.Sprite.Sprite",,,1,1,0,,,,,4,0,,
Public Method,"JPlay.Sprite.getVelocityX",,,1,1,0,,,,,4,0,,
Public Method,"JPlay.Sprite.getVelocityY",,,1,1,0,,,,,4,0,,
Public Method,"JPlay.Sprite.moveTo",,,5,1,2,,,,,21,0,,
Public Method,"JPlay.Sprite.moveToDown",,,2,1,1,,,,,7,0,,
Public Method,"JPlay.Sprite.moveToLeft",,,2,1,1,,,,,7,0,,
Public Method,"JPlay.Sprite.moveToRight",,,2,1,1,,,,,7,0,,
Public Method,"JPlay.Sprite.moveToUp",,,2,1,1,,,,,7,0,,
Public Method,"JPlay.Sprite.moveX",,,1,1,0,,,,,4,0,,
Public Method,"JPlay.Sprite.moveX",,,3,1,1,,,,,14,0,,
Public Method,"JPlay.Sprite.moveY",,,1,1,0,,,,,4,0,,
Public Method,"JPlay.Sprite.moveY",,,3,1,1,,,,,14,0,,
Public Method,"JPlay.Sprite.setVelocityX",,,1,1,0,,,,,4,0,,
Public Method,"JPlay.Sprite.setVelocityY",,,1,1,0,,,,,4,0,,
Public Class,"JPlay.Time",80,1,22,,1,1,0,1,1,136,0,19,
Public Constructor,"JPlay.Time.Time",,,1,1,0,,,,,4,0,,
Public Constructor,"JPlay.Time.Time",,,1,1,0,,,,,4,0,,
Public Constructor,"JPlay.Time.Time",,,1,1,0,,,,,14,0,,
Private Method,"JPlay.Time.calculateSeconds",,,1,1,0,,,,,4,0,,
Private Method,"JPlay.Time.createAction",,,1,1,0,,,,,21,0,,
Class,"JPlay.Time.createAction.(Anon_1)",0,3,3,,2,1,0,2,1,14,0,1,
Public Method,"JPlay.Time.createAction.(Anon_1).actionPerformed",,,3,1,2,,,,,13,0,,
Public Method,"JPlay.Time.draw",,,1,1,0,,,,,4,0,,
Public Method,"JPlay.Time.draw",,,1,1,0,,,,,4,0,,
Public Method,"JPlay.Time.getHour",,,1,1,0,,,,,4,0,,
Public Method,"JPlay.Time.getMinute",,,1,1,0,,,,,4,0,,
Public Method,"JPlay.Time.getSecond",,,1,1,0,,,,,4,0,,
Public Method,"JPlay.Time.getTotalSecond",,,1,1,0,,,,,4,0,,
Public Method,"JPlay.Time.setColor",,,1,1,0,,,,,4,0,,
Public Method,"JPlay.Time.setFont",,,1,1,0,,,,,4,0,,
Public Method,"JPlay.Time.setHour",,,1,1,0,,,,,5,0,,
Public Method,"JPlay.Time.setMinute",,,1,1,0,,,,,5,0,,
Public Method,"JPlay.Time.setSecond",,,1,1,0,,,,,5,0,,
Public Method,"JPlay.Time.setTime",,,1,1,0,,,,,7,0,,
Public Method,"JPlay.Time.timeEnded",,,1,1,0,,,,,4,0,,
Public Method,"JPlay.Time.toString",,,4,1,1,,,,,17,0,,
Public Class,"JPlay.Window",77,1,13,,1,2,0,1,2,97,1,12,
Public Constructor,"JPlay.Window.Window",,,1,1,0,,,,,20,0,,
Public Method,"JPlay.Window.clear",,,1,1,0,,,,,5,0,,
Public Method,"JPlay.Window.createCustomCursor",,,1,1,0,,,,,8,0,,
Public Method,"JPlay.Window.delay",,,2,1,1,,,,,11,0,,
Public Method,"JPlay.Window.display",,,1,1,0,,,,,9,0,,
Public Method,"JPlay.Window.drawText",,,1,1,0,,,,,8,0,,
Public Method,"JPlay.Window.drawText",,,1,1,0,,,,,5,0,,
Public Method,"JPlay.Window.exit",,,1,1,0,,,,,5,0,,
Public Method,"JPlay.Window.getGameGraphics",,,1,1,0,,,,,4,0,,
Public Method,"JPlay.Window.getKeyboard",,,1,1,0,,,,,4,0,,
Public Method,"JPlay.Window.getMouse",,,1,1,0,,,,,4,0,,
Public Method,"JPlay.Window.timeElapsed",,,1,1,0,,,,,4,0,,
File,"Jogador.java",,1,9,,0,,,,,35,0,9,1
File,"JogadorDaVez.java",,1,5,,0,,,,,67,14,5,2
File,"JogadorHumano.java",,1,20,,1,,,,,95,0,17,1
File,"Keyboard.java",,1,13,,1,,,,,74,19,9,1
File,"LucrosDividendos.java",,1,2,,0,,,,,16,1,2,1
File,"Main.java",,1,1,,0,,,,,8,0,1,1
File,"MensagemCamposDeAcao.java",,1,5,,0,,,,,55,14,5,2
File,"MensagemSorteReves.java",,1,5,,0,,,,,62,14,5,2
File,"MostrarPedidoDeCompra.java",,1,10,,0,,,,,93,16,10,5
File,"Mouse.java",,1,27,,1,,,,,95,28,16,1
File,"ObserverJogador.java",,0,0,,0,,,,,5,0,1,1
File,"ParadaLivre.java",,1,1,,0,,,,,6,0,1,1
File,"Peca.java",,1,4,,0,,,,,19,0,4,1
File,"Point.java",,1,2,,0,,,,,16,10,2,1
File,"PontoDePartida.java",,1,2,,0,,,,,17,1,2,1
File,"Prisao.java",,1,2,,0,,,,,12,0,2,1
File,"Propriedade.java",,1,3,,0,,,,,18,0,3,1
File,"RealizarConstrucao.java",,1,10,,0,,,,,91,15,10,5
File,"Reves.java",,1,3,,1,,,,,14,0,2,1
File,"SelecionarQtdJogadores.java",,1,6,,0,,,,,62,13,6,2
File,"Sorte.java",,1,2,,0,,,,,13,0,2,1
File,"SorteOuReves.java",,1,2,,0,,,,,15,1,2,1
File,"Sound.java",,1,28,,4,,,,,167,12,15,2
File,"Sprite.java",,1,27,,2,,,,,116,9,15,1
File,"SubjectObserver.java",,0,0,,0,,,,,6,0,3,1
File,"Tabuleiro.java",,1,7,,1,,,,,33,0,6,1
File,"TelaPrincipal.java",,1,9,,1,,,,,48,6,8,1
File,"Terreno.java",,2,45,,3,,,,,221,1,22,1
File,"Teste.java",,1,8,,1,,,,,49,0,7,1
File,"Time.java",,1,25,,2,,,,,141,9,20,2
File,"VaParaPrisao.java",,1,2,,0,,,,,16,0,2,1
File,"Window.java",,1,13,,1,,,,,109,10,12,1
Package,"br",,0,0,,0,,,,,0,0,0,0
Package,"br.ufc",,0,0,,0,,,,,0,0,0,0
Package,"br.ufc.pds",,1,9,,1,,,,,57,0,8,2
Public Class,"br.ufc.pds.Main",0,1,1,,0,1,0,1,1,6,0,1,
Public Static Method,"br.ufc.pds.Main.main",,,1,1,0,,,,,4,0,,
Public Class,"br.ufc.pds.Teste",0,1,8,,1,1,0,1,3,46,0,7,
Public Static Method,"br.ufc.pds.Teste.esperaQualquer",,,1,1,0,,,,,5,0,,
Public Static Method,"br.ufc.pds.Teste.informaAvancoJogador",,,1,1,0,,,,,6,0,,
Public Static Method,"br.ufc.pds.Teste.nomeJogador",,,1,1,0,,,,,5,0,,
Public Static Method,"br.ufc.pds.Teste.numJogadores",,,1,1,0,,,,,5,0,,
Public Static Method,"br.ufc.pds.Teste.opcaoDoJogadorPropriedadeComDono",,,1,1,0,,,,,7,0,,
Public Static Method,"br.ufc.pds.Teste.opcaoDoJogadorPropriedadeSemDono",,,1,1,0,,,,,7,0,,
Public Static Method,"br.ufc.pds.Teste.pedidoDeCompra",,,2,1,1,,,,,9,0,,
Package,"br.ufc.pds.controller",,1,87,,3,,,,,473,8,48,5
Public Class,"br.ufc.pds.controller.ControlBancoImobiliario",85,1,50,,3,1,0,2,18,203,8,23,
Private Constructor,"br.ufc.pds.controller.ControlBancoImobiliario.ControlBancoImobiliario",,,1,1,0,,,,,6,0,,
Public Method,"br.ufc.pds.controller.ControlBancoImobiliario.adicionarJogador",,,1,1,0,,,,,8,0,,
Protected Method,"br.ufc.pds.controller.ControlBancoImobiliario.alterarPosicaoDoJogador",,,1,1,0,,,,,10,4,,
Private Method,"br.ufc.pds.controller.ControlBancoImobiliario.compararDadosIguais",,,2,1,1,,,,,6,0,,
Private Method,"br.ufc.pds.controller.ControlBancoImobiliario.corUsada",,,5,5,2,,,,,13,0,,
Private Method,"br.ufc.pds.controller.ControlBancoImobiliario.executaAcaoCampo",,,3,1,2,,,,,13,0,,
Public Method,"br.ufc.pds.controller.ControlBancoImobiliario.getCores",,,3,1,2,,,,,10,0,,
Public Static Method,"br.ufc.pds.controller.ControlBancoImobiliario.getInstance",,,2,1,1,,,,,4,0,,
Public Method,"br.ufc.pds.controller.ControlBancoImobiliario.getJogadoresAtivos",,,1,1,0,,,,,3,0,,
Public Method,"br.ufc.pds.controller.ControlBancoImobiliario.getJogadoresPresos",,,1,1,0,,,,,3,0,,
Protected Method,"br.ufc.pds.controller.ControlBancoImobiliario.getNome",,,1,1,0,,,,,3,0,,
Public Method,"br.ufc.pds.controller.ControlBancoImobiliario.getNumJogadores",,,1,1,0,,,,,3,0,,
Private Method,"br.ufc.pds.controller.ControlBancoImobiliario.iniciarRodada",,,4,1,2,,,,,20,0,,
Lambda Method,"br.ufc.pds.controller.ControlBancoImobiliario.iniciarRodada.(lambda_expr_1)",,,2,1,0,,,,,15,0,,
Private Method,"br.ufc.pds.controller.ControlBancoImobiliario.jogadorPresoRealizaTurno",,,1,1,0,,,,,4,0,,
Private Method,"br.ufc.pds.controller.ControlBancoImobiliario.jogadorRealizaTurno",,,3,1,2,,,,,14,1,,
Public Method,"br.ufc.pds.controller.ControlBancoImobiliario.jogar",,,3,1,1,,,,,13,1,,
Public Method,"br.ufc.pds.controller.ControlBancoImobiliario.prenderJogador",,,1,1,0,,,,,4,1,,
Public Method,"br.ufc.pds.controller.ControlBancoImobiliario.renderizarTelaPrincipal",,,5,1,1,,,,,13,0,,
Lambda Method,"br.ufc.pds.controller.ControlBancoImobiliario.renderizarTelaPrincipal.(lambda_expr_1)",,,3,1,0,,,,,6,0,,
Lambda Method,"br.ufc.pds.controller.ControlBancoImobiliario.renderizarTelaPrincipal.(lambda_expr_2)",,,1,1,0,,,,,3,0,,
Private Method,"br.ufc.pds.controller.ControlBancoImobiliario.setJogadorDaVez",,,1,1,0,,,,,4,0,,
Public Method,"br.ufc.pds.controller.ControlBancoImobiliario.setNumJogadores",,,1,1,0,,,,,4,0,,
Public Method,"br.ufc.pds.controller.ControlBancoImobiliario.soltarJogador",,,1,1,0,,,,,4,1,,
Public Method,"br.ufc.pds.controller.ControlBancoImobiliario.update",,,3,1,1,,,,,15,0,,
Public Method,"br.ufc.pds.controller.ControlBancoImobiliario.validarConstrucaoCasa",,,5,1,3,,,,,14,0,,
Lambda Method,"br.ufc.pds.controller.ControlBancoImobiliario.validarConstrucaoCasa.(lambda_expr_1)",,,4,1,0,,,,,10,0,,
Public Class,"br.ufc.pds.controller.ControlCampos",50,1,5,,0,1,0,1,5,69,0,5,
Public Constructor,"br.ufc.pds.controller.ControlCampos.ControlCampos",,,1,1,0,,,,,2,0,,
Public Method,"br.ufc.pds.controller.ControlCampos.criarCampos",,,1,1,0,,,,,43,0,,
Private Method,"br.ufc.pds.controller.ControlCampos.inserirCampoEspecial",,,1,1,0,,,,,3,0,,
Private Method,"br.ufc.pds.controller.ControlCampos.inserirCompania",,,1,1,0,,,,,3,0,,
Private Method,"br.ufc.pds.controller.ControlCampos.inserirTerreno",,,1,1,0,,,,,14,0,,
Public Class,"br.ufc.pds.controller.ControlPagamentos",0,1,11,,2,1,0,1,7,45,0,7,
Private Static Method,"br.ufc.pds.controller.ControlPagamentos.getNome",,,1,1,0,,,,,3,0,,
Private Static Method,"br.ufc.pds.controller.ControlPagamentos.messageNPagou",,,1,1,0,,,,,3,0,,
Private Static Method,"br.ufc.pds.controller.ControlPagamentos.messagePagou",,,1,1,0,,,,,3,0,,
Private Static Method,"br.ufc.pds.controller.ControlPagamentos.messageVendeuPagou",,,1,1,0,,,,,3,0,,
Protected Static Method,"br.ufc.pds.controller.ControlPagamentos.pagamento",,,1,1,0,,,,,4,0,,
Protected Static Method,"br.ufc.pds.controller.ControlPagamentos.pagarDividas",,,3,1,2,,,,,12,0,,
Protected Static Method,"br.ufc.pds.controller.ControlPagamentos.verifyPropriedade",,,3,1,2,,,,,15,0,,
Public Class,"br.ufc.pds.controller.ControlPrisao",57,1,13,,1,1,0,1,6,54,0,7,
Constructor,"br.ufc.pds.controller.ControlPrisao.ControlPrisao",,,1,1,0,,,,,4,0,,
Private Method,"br.ufc.pds.controller.ControlPrisao.cartaPrisao",,,1,1,0,,,,,3,0,,
Protected Method,"br.ufc.pds.controller.ControlPrisao.continuarPreso",,,1,1,0,,,,,6,0,,
Protected Method,"br.ufc.pds.controller.ControlPrisao.jogadorPresoRealizaTurno",,,4,1,1,,,,,12,0,,
Protected Method,"br.ufc.pds.controller.ControlPrisao.sairDaPrisaoCartasIguais",,,2,1,1,,,,,8,0,,
Protected Method,"br.ufc.pds.controller.ControlPrisao.sairDaPrisaoCoringa",,,2,1,1,,,,,8,0,,
Protected Method,"br.ufc.pds.controller.ControlPrisao.sairDaPrisaoPaga",,,2,1,1,,,,,9,0,,
Public Class,"br.ufc.pds.controller.ControlSorteOuReves",58,1,8,,1,1,0,2,1,59,0,6,
Private Constructor,"br.ufc.pds.controller.ControlSorteOuReves.ControlSorteOuReves",,,1,1,0,,,,,4,0,,
Private Method,"br.ufc.pds.controller.ControlSorteOuReves.criarCartas",,,1,1,0,,,,,30,0,,
Public Method,"br.ufc.pds.controller.ControlSorteOuReves.first",,,1,1,0,,,,,3,0,,
Public Static Method,"br.ufc.pds.controller.ControlSorteOuReves.getInstance",,,2,1,1,,,,,4,0,,
Public Method,"br.ufc.pds.controller.ControlSorteOuReves.isDone",,,1,1,0,,,,,3,0,,
Public Method,"br.ufc.pds.controller.ControlSorteOuReves.next",,,2,1,1,,,,,8,0,,
Package,"br.ufc.pds.factory",,3,20,,1,,,,,53,0,6,2
Public Class,"br.ufc.pds.factory.FactoryCampoEspecial",66,3,11,,1,1,0,1,8,26,0,3,
Private Constructor,"br.ufc.pds.factory.FactoryCampoEspecial.FactoryCampoEspecial",,,1,1,0,,,,,1,0,,
Public Method,"br.ufc.pds.factory.FactoryCampoEspecial.criar",,,8,8,1,,,,,18,0,,
Public Static Method,"br.ufc.pds.factory.FactoryCampoEspecial.getInstance",,,2,1,1,,,,,4,0,,
Public Class,"br.ufc.pds.factory.FactoryCartas",66,3,9,,1,1,0,1,6,22,0,3,
Private Constructor,"br.ufc.pds.factory.FactoryCartas.FactoryCartas",,,1,1,0,,,,,1,0,,
Public Method,"br.ufc.pds.factory.FactoryCartas.criar",,,6,6,1,,,,,14,0,,
Public Static Method,"br.ufc.pds.factory.FactoryCartas.getInstance",,,2,1,1,,,,,4,0,,
Package,"br.ufc.pds.interfaces",,0,0,,0,,,,,22,0,8,4
Public Interface,"br.ufc.pds.interfaces.EfeitoEspecial",0,0,0,,0,0,8,0,1,3,0,1,
Abstract Method,"br.ufc.pds.interfaces.EfeitoEspecial.aplicarEfeito",,,0,0,0,,,,,1,0,,
Public Interface,"br.ufc.pds.interfaces.Iterator",0,0,0,,0,0,1,0,0,5,0,3,
Abstract Method,"br.ufc.pds.interfaces.Iterator.first",,,0,0,0,,,,,1,0,,
Abstract Method,"br.ufc.pds.interfaces.Iterator.isDone",,,0,0,0,,,,,1,0,,
Abstract Method,"br.ufc.pds.interfaces.Iterator.next",,,0,0,0,,,,,1,0,,
Public Interface,"br.ufc.pds.interfaces.ObserverJogador",0,0,0,,0,0,1,0,1,3,0,1,
Abstract Method,"br.ufc.pds.interfaces.ObserverJogador.update",,,0,0,0,,,,,1,0,,
Public Interface,"br.ufc.pds.interfaces.SubjectObserver",0,0,0,,0,0,1,0,1,5,0,3,
Abstract Method,"br.ufc.pds.interfaces.SubjectObserver.addObserver",,,0,0,0,,,,,1,0,,
Abstract Method,"br.ufc.pds.interfaces.SubjectObserver.notifyObserver",,,0,0,0,,,,,1,0,,
Abstract Method,"br.ufc.pds.interfaces.SubjectObserver.removeObserver",,,0,0,0,,,,,1,0,,
Package,"br.ufc.pds.model",,1,24,,1,,,,,110,0,22,5
Public Class,"br.ufc.pds.model.ContaBancaria",0,1,5,,1,1,0,1,0,19,0,4,
Public Constructor,"br.ufc.pds.model.ContaBancaria.ContaBancaria",,,1,1,0,,,,,3,0,,
Public Method,"br.ufc.pds.model.ContaBancaria.getSaldo",,,1,1,0,,,,,3,0,,
Public Method,"br.ufc.pds.model.ContaBancaria.pagar",,,2,1,1,,,,,7,0,,
Public Method,"br.ufc.pds.model.ContaBancaria.receber",,,1,1,0,,,,,3,0,,
Public Class,"br.ufc.pds.model.Dado",16,1,3,,0,1,0,1,0,15,0,3,
Public Constructor,"br.ufc.pds.model.Dado.Dado",,,1,1,0,,,,,4,0,,
Public Method,"br.ufc.pds.model.Dado.lancar",,,1,1,0,,,,,4,0,,
Public Method,"br.ufc.pds.model.Dado.obterValorDaFace",,,1,1,0,,,,,3,0,,
Public Class,"br.ufc.pds.model.FichaCriminal",40,1,5,,0,1,0,1,0,20,0,5,
Public Constructor,"br.ufc.pds.model.FichaCriminal.FichaCriminal",,,1,1,0,,,,,4,0,,
Public Method,"br.ufc.pds.model.FichaCriminal.getNumDelitos",,,1,1,0,,,,,3,0,,
Public Method,"br.ufc.pds.model.FichaCriminal.getRodadasPreso",,,1,1,0,,,,,3,0,,
Public Method,"br.ufc.pds.model.FichaCriminal.setNumDelitos",,,1,1,0,,,,,3,0,,
Public Method,"br.ufc.pds.model.FichaCriminal.setRodadasPreso",,,1,1,0,,,,,3,0,,
Public Class,"br.ufc.pds.model.Peca",37,1,4,,0,1,0,1,1,17,0,4,
Public Constructor,"br.ufc.pds.model.Peca.Peca",,,1,1,0,,,,,4,0,,
Public Method,"br.ufc.pds.model.Peca.getCor",,,1,1,0,,,,,3,0,,
Public Method,"br.ufc.pds.model.Peca.mudarLocalizacao",,,1,1,0,,,,,3,0,,
Public Method,"br.ufc.pds.model.Peca.obterLocalizacao",,,1,1,0,,,,,3,0,,
Public Class,"br.ufc.pds.model.Tabuleiro",33,1,7,,1,1,0,1,2,28,0,6,
Public Constructor,"br.ufc.pds.model.Tabuleiro.Tabuleiro",,,1,1,0,,,,,5,0,,
Public Method,"br.ufc.pds.model.Tabuleiro.buscarCampo",,,1,1,0,,,,,3,0,,
Public Method,"br.ufc.pds.model.Tabuleiro.criarCampos",,,1,1,0,,,,,4,0,,
Public Method,"br.ufc.pds.model.Tabuleiro.getCampos",,,1,1,0,,,,,3,0,,
Public Method,"br.ufc.pds.model.Tabuleiro.obterCampoInicial",,,1,1,0,,,,,3,0,,
Public Method,"br.ufc.pds.model.Tabuleiro.obterProximoCampo",,,2,1,1,,,,,6,0,,
Package,"br.ufc.pds.model.campo",,1,8,,0,,,,,39,0,8,1
Public Abstract Class,"br.ufc.pds.model.campo.Campo",72,1,8,,0,1,2,1,2,36,0,8,
Protected Constructor,"br.ufc.pds.model.campo.Campo.Campo",,,1,1,0,,,,,7,0,,
Public Method,"br.ufc.pds.model.campo.Campo.addJogador",,,1,1,0,,,,,4,0,,
Public Method,"br.ufc.pds.model.campo.Campo.getEixoX",,,1,1,0,,,,,3,0,,
Public Method,"br.ufc.pds.model.campo.Campo.getEixoY",,,1,1,0,,,,,3,0,,
Public Method,"br.ufc.pds.model.campo.Campo.getIndice",,,1,1,0,,,,,3,0,,
Public Method,"br.ufc.pds.model.campo.Campo.getNome",,,1,1,0,,,,,3,0,,
Public Static Method,"br.ufc.pds.model.campo.Campo.getNomeJogador",,,1,1,0,,,,,3,0,,
Public Method,"br.ufc.pds.model.campo.Campo.removerJogador",,,1,1,0,,,,,3,0,,
Package,"br.ufc.pds.model.campo.campo_especial",,1,16,,1,,,,,111,3,15,8
Public Abstract Class,"br.ufc.pds.model.campo.campo_especial.CampoEspecial",0,1,2,,0,2,7,1,1,9,0,2,
Protected Constructor,"br.ufc.pds.model.campo.campo_especial.CampoEspecial.CampoEspecial",,,1,1,0,,,,,3,0,,
Protected Method,"br.ufc.pds.model.campo.campo_especial.CampoEspecial.showMensagem",,,1,1,0,,,,,4,0,,
Public Class,"br.ufc.pds.model.campo.campo_especial.ImpostoDeRenda",0,1,3,,1,3,0,2,3,13,0,2,
Public Constructor,"br.ufc.pds.model.campo.campo_especial.ImpostoDeRenda.ImpostoDeRenda",,,1,1,0,,,,,3,0,,
Public Method,"br.ufc.pds.model.campo.campo_especial.ImpostoDeRenda.aplicarEfeito",,,2,1,1,,,,,8,0,,
Public Class,"br.ufc.pds.model.campo.campo_especial.LucrosDividendos",0,1,2,,0,3,0,2,4,12,1,2,
Public Constructor,"br.ufc.pds.model.campo.campo_especial.LucrosDividendos.LucrosDividendos",,,1,1,0,,,,,3,0,,
Public Method,"br.ufc.pds.model.campo.campo_especial.LucrosDividendos.aplicarEfeito",,,1,1,0,,,,,7,1,,
Public Class,"br.ufc.pds.model.campo.campo_especial.ParadaLivre",0,1,1,,0,3,0,1,0,5,0,1,
Public Constructor,"br.ufc.pds.model.campo.campo_especial.ParadaLivre.ParadaLivre",,,1,1,0,,,,,3,0,,
Public Class,"br.ufc.pds.model.campo.campo_especial.PontoDePartida",0,1,2,,0,3,0,2,3,12,1,2,
Public Constructor,"br.ufc.pds.model.campo.campo_especial.PontoDePartida.PontoDePartida",,,1,1,0,,,,,3,0,,
Public Method,"br.ufc.pds.model.campo.campo_especial.PontoDePartida.aplicarEfeito",,,1,1,0,,,,,7,1,,
Public Class,"br.ufc.pds.model.campo.campo_especial.Prisao",0,1,2,,0,3,0,2,1,8,0,2,
Public Constructor,"br.ufc.pds.model.campo.campo_especial.Prisao.Prisao",,,1,1,0,,,,,3,0,,
Public Method,"br.ufc.pds.model.campo.campo_especial.Prisao.aplicarEfeito",,,1,1,0,,,,,3,0,,
Public Class,"br.ufc.pds.model.campo.campo_especial.SorteOuReves",50,1,2,,0,3,0,2,3,10,1,2,
Public Constructor,"br.ufc.pds.model.campo.campo_especial.SorteOuReves.SorteOuReves",,,1,1,0,,,,,3,0,,
Public Method,"br.ufc.pds.model.campo.campo_especial.SorteOuReves.aplicarEfeito",,,1,1,0,,,,,4,1,,
Public Class,"br.ufc.pds.model.campo.campo_especial.VaParaPrisao",0,1,2,,0,3,0,2,2,11,0,2,
Public Constructor,"br.ufc.pds.model.campo.campo_especial.VaParaPrisao.VaParaPrisao",,,1,1,0,,,,,3,0,,
Public Method,"br.ufc.pds.model.campo.campo_especial.VaParaPrisao.aplicarEfeito",,,1,1,0,,,,,6,0,,
Package,"br.ufc.pds.model.campo.propriedade",,1,80,,3,,,,,376,1,43,3
Public Class,"br.ufc.pds.model.campo.propriedade.Compania",77,1,32,,3,3,0,2,9,126,0,18,
Public Constructor,"br.ufc.pds.model.campo.propriedade.Compania.Compania",,,1,1,0,,,,,4,0,,
Public Method,"br.ufc.pds.model.campo.propriedade.Compania.aplicarEfeito",,,6,1,3,,,,,25,0,,
Private Method,"br.ufc.pds.model.campo.propriedade.Compania.comprarPropriedade",,,1,1,0,,,,,12,0,,
Private Method,"br.ufc.pds.model.campo.propriedade.Compania.computarTaxa",,,2,1,1,,,,,7,0,,
Private Method,"br.ufc.pds.model.campo.propriedade.Compania.desistiu",,,1,1,0,,,,,1,0,,
Private Method,"br.ufc.pds.model.campo.propriedade.Compania.encerrou",,,1,1,0,,,,,1,0,,
Private Method,"br.ufc.pds.model.campo.propriedade.Compania.fpp",,,2,1,1,,,,,7,0,,
Private Method,"br.ufc.pds.model.campo.propriedade.Compania.getNome",,,1,1,0,,,,,3,0,,
Private Method,"br.ufc.pds.model.campo.propriedade.Compania.getNomeDono",,,1,1,0,,,,,1,0,,
Private Method,"br.ufc.pds.model.campo.propriedade.Compania.isCancelarProposta",,,1,1,0,,,,,3,0,,
Private Method,"br.ufc.pds.model.campo.propriedade.Compania.loop",,,4,4,3,,,,,15,0,,
Private Method,"br.ufc.pds.model.campo.propriedade.Compania.mensagemTela",,,1,1,0,,,,,3,0,,
Private Method,"br.ufc.pds.model.campo.propriedade.Compania.mostraPedido",,,2,1,1,,,,,15,0,,
Private Method,"br.ufc.pds.model.campo.propriedade.Compania.naoDono",,,2,1,1,,,,,6,0,,
Private Method,"br.ufc.pds.model.campo.propriedade.Compania.naoDonoIgual",,,2,1,1,,,,,6,0,,
Private Method,"br.ufc.pds.model.campo.propriedade.Compania.payOrNot",,,2,1,1,,,,,10,0,,
Private Method,"br.ufc.pds.model.campo.propriedade.Compania.setVisibleProposta",,,1,1,0,,,,,3,0,,
Private Method,"br.ufc.pds.model.campo.propriedade.Compania.visitou",,,1,1,0,,,,,1,0,,
Public Abstract Class,"br.ufc.pds.model.campo.propriedade.Propriedade",33,1,3,,0,2,2,1,1,15,0,3,
Protected Constructor,"br.ufc.pds.model.campo.propriedade.Propriedade.Propriedade",,,1,1,0,,,,,5,0,,
Public Method,"br.ufc.pds.model.campo.propriedade.Propriedade.getDono",,,1,1,0,,,,,3,0,,
Public Method,"br.ufc.pds.model.campo.propriedade.Propriedade.getPreco",,,1,1,0,,,,,3,0,,
Public Class,"br.ufc.pds.model.campo.propriedade.Terreno",87,2,45,,3,3,0,2,11,212,1,22,
Public Constructor,"br.ufc.pds.model.campo.propriedade.Terreno.Terreno",,,1,1,0,,,,,14,0,,
Private Method,"br.ufc.pds.model.campo.propriedade.Terreno.acoesComprador",,,3,1,2,,,,,17,0,,
Public Method,"br.ufc.pds.model.campo.propriedade.Terreno.acoesProprietario",,,3,1,2,,,,,14,0,,
Private Method,"br.ufc.pds.model.campo.propriedade.Terreno.acoesVisitante",,,4,1,2,,,,,23,0,,
Public Method,"br.ufc.pds.model.campo.propriedade.Terreno.aplicarEfeito",,,3,1,1,,,,,9,0,,
Private Method,"br.ufc.pds.model.campo.propriedade.Terreno.comprarCasas",,,6,1,3,,,,,26,0,,
Public Method,"br.ufc.pds.model.campo.propriedade.Terreno.construir",,,1,1,0,,,,,5,0,,
Private Method,"br.ufc.pds.model.campo.propriedade.Terreno.criarComprarPropriedade",,,1,1,0,,,,,12,0,,
Private Method,"br.ufc.pds.model.campo.propriedade.Terreno.fazerProposta",,,4,4,3,,,,,16,0,,
Public Method,"br.ufc.pds.model.campo.propriedade.Terreno.getAluguel",,,6,6,1,,,,,15,0,,
Public Method,"br.ufc.pds.model.campo.propriedade.Terreno.getCor",,,1,1,0,,,,,3,0,,
Private Method,"br.ufc.pds.model.campo.propriedade.Terreno.getNomeDono",,,1,1,0,,,,,3,0,,
Public Method,"br.ufc.pds.model.campo.propriedade.Terreno.getNumCasas",,,1,1,0,,,,,3,0,,
Public Method,"br.ufc.pds.model.campo.propriedade.Terreno.getPrecoCasa",,,1,1,0,,,,,3,0,,
Public Method,"br.ufc.pds.model.campo.propriedade.Terreno.getPrecoHotel",,,1,1,0,,,,,3,0,,
Private Method,"br.ufc.pds.model.campo.propriedade.Terreno.isCancelar",,,1,1,0,,,,,3,0,,
Public Method,"br.ufc.pds.model.campo.propriedade.Terreno.isHasHotel",,,1,1,0,,,,,3,0,,
Public Method,"br.ufc.pds.model.campo.propriedade.Terreno.mostraPedidoCompra",,,2,1,1,,,,,14,1,,
Private Method,"br.ufc.pds.model.campo.propriedade.Terreno.nomeMensagem",,,1,1,0,,,,,3,0,,
Private Method,"br.ufc.pds.model.campo.propriedade.Terreno.setVisible",,,1,1,0,,,,,3,0,,
Private Method,"br.ufc.pds.model.campo.propriedade.Terreno.validarConstrucaoCasa",,,1,1,0,,,,,3,0,,
Private Method,"br.ufc.pds.model.campo.propriedade.Terreno.verifyPCP",,,1,1,0,,,,,3,0,,
Package,"br.ufc.pds.model.carta",,1,20,,2,,,,,116,0,16,7
Public Abstract Class,"br.ufc.pds.model.carta.Carta",88,1,3,,0,1,4,1,2,16,0,4,
Public Abstract Method,"br.ufc.pds.model.carta.Carta.acao",,,0,0,0,,,,,1,0,,
Public Static Method,"br.ufc.pds.model.carta.Carta.getNomeDono",,,1,1,0,,,,,3,0,,
Public Method,"br.ufc.pds.model.carta.Carta.getTitulo",,,1,1,0,,,,,3,0,,
Public Method,"br.ufc.pds.model.carta.Carta.showCarta",,,1,1,0,,,,,4,0,,
Public Class,"br.ufc.pds.model.carta.CartaAposta",50,1,5,,2,2,0,1,3,20,0,2,
Public Constructor,"br.ufc.pds.model.carta.CartaAposta.CartaAposta",,,1,1,0,,,,,6,0,,
Public Method,"br.ufc.pds.model.carta.CartaAposta.acao",,,4,1,2,,,,,11,0,,
Lambda Method,"br.ufc.pds.model.carta.CartaAposta.acao.(lambda_expr_1)",,,3,1,0,,,,,7,0,,
Public Class,"br.ufc.pds.model.carta.CartaSaiaDaPrisao",0,1,4,,1,2,0,1,2,19,0,3,
Public Constructor,"br.ufc.pds.model.carta.CartaSaiaDaPrisao.CartaSaiaDaPrisao",,,1,1,0,,,,,5,0,,
Public Method,"br.ufc.pds.model.carta.CartaSaiaDaPrisao.acao",,,2,1,1,,,,,9,0,,
Private Method,"br.ufc.pds.model.carta.CartaSaiaDaPrisao.getNome",,,1,1,0,,,,,3,0,,
Public Abstract Class,"br.ufc.pds.model.carta.CartaSorteOuReves",0,1,1,,0,2,2,1,0,9,0,1,
Protected Constructor,"br.ufc.pds.model.carta.CartaSorteOuReves.CartaSorteOuReves",,,1,1,0,,,,,6,0,,
Public Class,"br.ufc.pds.model.carta.CartaVaParaPrisao",0,1,2,,0,2,0,1,2,11,0,2,
Public Constructor,"br.ufc.pds.model.carta.CartaVaParaPrisao.CartaVaParaPrisao",,,1,1,0,,,,,5,0,,
Public Method,"br.ufc.pds.model.carta.CartaVaParaPrisao.acao",,,1,1,0,,,,,4,0,,
Public Class,"br.ufc.pds.model.carta.Reves",0,1,3,,1,3,0,1,4,11,0,2,
Public Constructor,"br.ufc.pds.model.carta.Reves.Reves",,,1,1,0,,,,,3,0,,
Public Method,"br.ufc.pds.model.carta.Reves.acao",,,2,1,1,,,,,6,0,,
Public Class,"br.ufc.pds.model.carta.Sorte",0,1,2,,0,3,0,1,4,10,0,2,
Public Constructor,"br.ufc.pds.model.carta.Sorte.Sorte",,,1,1,0,,,,,3,0,,
Public Method,"br.ufc.pds.model.carta.Sorte.acao",,,1,1,0,,,,,5,0,,
Package,"br.ufc.pds.model.jogador",,1,33,,1,,,,,150,0,30,3
Public Class,"br.ufc.pds.model.jogador.Banco",75,1,4,,0,2,0,1,1,16,0,4,
Private Constructor,"br.ufc.pds.model.jogador.Banco.Banco",,,1,1,0,,,,,4,0,,
Public Method,"br.ufc.pds.model.jogador.Banco.getContaBancaria",,,1,1,0,,,,,3,0,,
Public Static Method,"br.ufc.pds.model.jogador.Banco.getInstance",,,1,1,0,,,,,3,0,,
Public Method,"br.ufc.pds.model.jogador.Banco.getPropriedades",,,1,1,0,,,,,3,0,,
Public Abstract Class,"br.ufc.pds.model.jogador.Jogador",50,1,9,,0,1,2,1,2,31,0,9,
Public Method,"br.ufc.pds.model.jogador.Jogador.comprarPropriedade",,,1,1,0,,,,,3,0,,
Public Method,"br.ufc.pds.model.jogador.Jogador.getConta",,,1,1,0,,,,,3,0,,
Public Method,"br.ufc.pds.model.jogador.Jogador.getContaBancaria",,,1,1,0,,,,,3,0,,
Public Method,"br.ufc.pds.model.jogador.Jogador.getPropriedades",,,1,1,0,,,,,3,0,,
Public Method,"br.ufc.pds.model.jogador.Jogador.getSaldo",,,1,1,0,,,,,3,0,,
Public Method,"br.ufc.pds.model.jogador.Jogador.pagar",,,1,1,0,,,,,3,0,,
Public Method,"br.ufc.pds.model.jogador.Jogador.receber",,,1,1,0,,,,,3,0,,
Public Method,"br.ufc.pds.model.jogador.Jogador.receberCredor",,,1,1,0,,,,,3,0,,
Public Method,"br.ufc.pds.model.jogador.Jogador.venderPropriedade",,,1,1,0,,,,,3,0,,
Public Class,"br.ufc.pds.model.jogador.JogadorHumano",84,1,20,,1,2,0,2,6,84,0,17,
Public Constructor,"br.ufc.pds.model.jogador.JogadorHumano.JogadorHumano",,,1,1,0,,,,,11,0,,
Public Method,"br.ufc.pds.model.jogador.JogadorHumano.addObserver",,,1,1,0,,,,,4,0,,
Public Method,"br.ufc.pds.model.jogador.JogadorHumano.atualizaFichaCriminal",,,2,1,1,,,,,7,0,,
Public Method,"br.ufc.pds.model.jogador.JogadorHumano.getCartaPrisao",,,1,1,0,,,,,3,0,,
Public Method,"br.ufc.pds.model.jogador.JogadorHumano.getContaBancaria",,,1,1,0,,,,,3,0,,
Public Method,"br.ufc.pds.model.jogador.JogadorHumano.getDados",,,1,1,0,,,,,3,0,,
Public Method,"br.ufc.pds.model.jogador.JogadorHumano.getFichaCriminal",,,1,1,0,,,,,3,0,,
Public Method,"br.ufc.pds.model.jogador.JogadorHumano.getId",,,1,1,0,,,,,3,0,,
Public Method,"br.ufc.pds.model.jogador.JogadorHumano.getNome",,,1,1,0,,,,,3,0,,
Public Method,"br.ufc.pds.model.jogador.JogadorHumano.getNomeDono",,,1,1,0,,,,,3,0,,
Public Method,"br.ufc.pds.model.jogador.JogadorHumano.getPeca",,,1,1,0,,,,,3,0,,
Public Method,"br.ufc.pds.model.jogador.JogadorHumano.getPropriedades",,,1,1,0,,,,,3,0,,
Public Method,"br.ufc.pds.model.jogador.JogadorHumano.lancarDados",,,1,1,0,,,,,4,0,,
Public Method,"br.ufc.pds.model.jogador.JogadorHumano.notifyObserver",,,2,1,1,,,,,5,0,,
Public Method,"br.ufc.pds.model.jogador.JogadorHumano.pagarCredor",,,2,1,1,,,,,8,0,,
Public Method,"br.ufc.pds.model.jogador.JogadorHumano.removeObserver",,,1,1,0,,,,,3,0,,
Public Method,"br.ufc.pds.model.jogador.JogadorHumano.setCartaPrisao",,,1,1,0,,,,,3,0,,
Package,"br.ufc.pds.view",,1,81,,1,,,,,809,146,78,35
Public Class,"br.ufc.pds.view.ComprarPropriedade",63,1,6,,0,2,0,1,0,104,16,6,
Public Method,"br.ufc.pds.view.ComprarPropriedade.$$$getRootComponent$$$",,,1,1,0,,,,,3,3,,
Private Method,"br.ufc.pds.view.ComprarPropriedade.$$$setupUI$$$",,,1,1,0,,,,,40,7,,
Public Constructor,"br.ufc.pds.view.ComprarPropriedade.ComprarPropriedade",,,1,1,0,,,,,35,2,,
Class,"br.ufc.pds.view.ComprarPropriedade.ComprarPropriedade.(Anon_1)",0,1,1,,0,1,0,2,1,4,0,1,
Public Method,"br.ufc.pds.view.ComprarPropriedade.ComprarPropriedade.(Anon_1).actionPerformed",,,1,1,0,,,,,3,0,,
Class,"br.ufc.pds.view.ComprarPropriedade.ComprarPropriedade.(Anon_2)",0,1,1,,0,1,0,2,1,4,0,1,
Public Method,"br.ufc.pds.view.ComprarPropriedade.ComprarPropriedade.(Anon_2).actionPerformed",,,1,1,0,,,,,3,0,,
Class,"br.ufc.pds.view.ComprarPropriedade.ComprarPropriedade.(Anon_3)",0,1,1,,0,1,0,2,1,4,0,1,
Public Method,"br.ufc.pds.view.ComprarPropriedade.ComprarPropriedade.(Anon_3).windowClosing",,,1,1,0,,,,,3,0,,
Class,"br.ufc.pds.view.ComprarPropriedade.ComprarPropriedade.(Anon_4)",0,1,1,,0,1,0,2,1,4,0,1,
Public Method,"br.ufc.pds.view.ComprarPropriedade.ComprarPropriedade.(Anon_4).actionPerformed",,,1,1,0,,,,,3,0,,
Public Method,"br.ufc.pds.view.ComprarPropriedade.getComprar",,,1,1,0,,,,,3,0,,
Private Method,"br.ufc.pds.view.ComprarPropriedade.onCancel",,,1,1,0,,,,,3,1,,
Private Method,"br.ufc.pds.view.ComprarPropriedade.onOK",,,1,1,0,,,,,4,0,,
Public Class,"br.ufc.pds.view.EntraComJogador",68,1,8,,1,2,0,1,1,74,13,5,
Public Method,"br.ufc.pds.view.EntraComJogador.$$$getRootComponent$$$",,,1,1,0,,,,,3,3,,
Private Method,"br.ufc.pds.view.EntraComJogador.$$$setupUI$$$",,,1,1,0,,,,,29,7,,
Public Constructor,"br.ufc.pds.view.EntraComJogador.EntraComJogador",,,2,1,0,,,,,15,0,,
Class,"br.ufc.pds.view.EntraComJogador.EntraComJogador.(Anon_1)",0,1,1,,0,1,0,2,1,4,0,1,
Public Method,"br.ufc.pds.view.EntraComJogador.EntraComJogador.(Anon_1).actionPerformed",,,1,1,0,,,,,3,0,,
Private Method,"br.ufc.pds.view.EntraComJogador.onOK",,,3,1,1,,,,,10,0,,
Public Method,"br.ufc.pds.view.EntraComJogador.run",,,1,1,0,,,,,5,0,,
Public Class,"br.ufc.pds.view.FazerPropostaCompraPropriedade",61,1,6,,0,2,0,1,0,86,16,6,
Public Method,"br.ufc.pds.view.FazerPropostaCompraPropriedade.$$$getRootComponent$$$",,,1,1,0,,,,,3,3,,
Private Method,"br.ufc.pds.view.FazerPropostaCompraPropriedade.$$$setupUI$$$",,,1,1,0,,,,,30,7,,
Public Constructor,"br.ufc.pds.view.FazerPropostaCompraPropriedade.FazerPropostaCompraPropriedade",,,1,1,0,,,,,31,2,,
Class,"br.ufc.pds.view.FazerPropostaCompraPropriedade.FazerPropostaCompraPropriedade.(Anon_1)",0,1,1,,0,1,0,2,1,4,0,1,
Public Method,"br.ufc.pds.view.FazerPropostaCompraPropriedade.FazerPropostaCompraPropriedade.(Anon_1).actionPerformed",,,1,1,0,,,,,3,0,,
Class,"br.ufc.pds.view.FazerPropostaCompraPropriedade.FazerPropostaCompraPropriedade.(Anon_2)",0,1,1,,0,1,0,2,1,4,0,1,
Public Method,"br.ufc.pds.view.FazerPropostaCompraPropriedade.FazerPropostaCompraPropriedade.(Anon_2).actionPerformed",,,1,1,0,,,,,3,0,,
Class,"br.ufc.pds.view.FazerPropostaCompraPropriedade.FazerPropostaCompraPropriedade.(Anon_3)",0,1,1,,0,1,0,2,1,4,0,1,
Public Method,"br.ufc.pds.view.FazerPropostaCompraPropriedade.FazerPropostaCompraPropriedade.(Anon_3).windowClosing",,,1,1,0,,,,,3,0,,
Class,"br.ufc.pds.view.FazerPropostaCompraPropriedade.FazerPropostaCompraPropriedade.(Anon_4)",0,1,1,,0,1,0,2,1,4,0,1,
Public Method,"br.ufc.pds.view.FazerPropostaCompraPropriedade.FazerPropostaCompraPropriedade.(Anon_4).actionPerformed",,,1,1,0,,,,,3,0,,
Public Method,"br.ufc.pds.view.FazerPropostaCompraPropriedade.getComprar",,,1,1,0,,,,,3,0,,
Private Method,"br.ufc.pds.view.FazerPropostaCompraPropriedade.onCancel",,,1,1,0,,,,,3,1,,
Private Method,"br.ufc.pds.view.FazerPropostaCompraPropriedade.onOK",,,1,1,0,,,,,4,0,,
Public Class,"br.ufc.pds.view.InserirProposta",64,1,7,,0,2,0,1,0,97,15,7,
Public Method,"br.ufc.pds.view.InserirProposta.$$$getRootComponent$$$",,,1,1,0,,,,,3,3,,
Private Method,"br.ufc.pds.view.InserirProposta.$$$setupUI$$$",,,1,1,0,,,,,35,7,,
Public Constructor,"br.ufc.pds.view.InserirProposta.InserirProposta",,,1,1,0,,,,,32,2,,
Class,"br.ufc.pds.view.InserirProposta.InserirProposta.(Anon_1)",0,1,1,,0,1,0,2,1,4,0,1,
Public Method,"br.ufc.pds.view.InserirProposta.InserirProposta.(Anon_1).actionPerformed",,,1,1,0,,,,,3,0,,
Class,"br.ufc.pds.view.InserirProposta.InserirProposta.(Anon_2)",0,1,1,,0,1,0,2,1,4,0,1,
Public Method,"br.ufc.pds.view.InserirProposta.InserirProposta.(Anon_2).actionPerformed",,,1,1,0,,,,,3,0,,
Class,"br.ufc.pds.view.InserirProposta.InserirProposta.(Anon_3)",0,1,1,,0,1,0,2,1,4,0,1,
Public Method,"br.ufc.pds.view.InserirProposta.InserirProposta.(Anon_3).windowClosing",,,1,1,0,,,,,3,0,,
Class,"br.ufc.pds.view.InserirProposta.InserirProposta.(Anon_4)",0,1,1,,0,1,0,2,1,4,0,1,
Public Method,"br.ufc.pds.view.InserirProposta.InserirProposta.(Anon_4).actionPerformed",,,1,1,0,,,,,3,0,,
Public Method,"br.ufc.pds.view.InserirProposta.getValorProposto",,,1,1,0,,,,,3,0,,
Public Method,"br.ufc.pds.view.InserirProposta.isCancelar",,,1,1,0,,,,,3,0,,
Private Method,"br.ufc.pds.view.InserirProposta.onCancel",,,1,1,0,,,,,4,0,,
Private Method,"br.ufc.pds.view.InserirProposta.onOK",,,1,1,0,,,,,4,0,,
Public Class,"br.ufc.pds.view.JogadorDaVez",53,1,4,,0,2,0,1,0,63,14,4,
Public Method,"br.ufc.pds.view.JogadorDaVez.$$$getRootComponent$$$",,,1,1,0,,,,,3,3,,
Private Method,"br.ufc.pds.view.JogadorDaVez.$$$setupUI$$$",,,1,1,0,,,,,30,7,,
Public Constructor,"br.ufc.pds.view.JogadorDaVez.JogadorDaVez",,,1,1,0,,,,,15,0,,
Class,"br.ufc.pds.view.JogadorDaVez.JogadorDaVez.(Anon_1)",0,1,1,,0,1,0,2,1,4,0,1,
Public Method,"br.ufc.pds.view.JogadorDaVez.JogadorDaVez.(Anon_1).actionPerformed",,,1,1,0,,,,,3,0,,
Private Method,"br.ufc.pds.view.JogadorDaVez.onOK",,,1,1,0,,,,,3,1,,
Public Class,"br.ufc.pds.view.MensagemCamposDeAcao",55,1,4,,0,2,0,1,0,51,14,4,
Public Method,"br.ufc.pds.view.MensagemCamposDeAcao.$$$getRootComponent$$$",,,1,1,0,,,,,3,3,,
Private Method,"br.ufc.pds.view.MensagemCamposDeAcao.$$$setupUI$$$",,,1,1,0,,,,,22,7,,
Public Constructor,"br.ufc.pds.view.MensagemCamposDeAcao.MensagemCamposDeAcao",,,1,1,0,,,,,13,0,,
Class,"br.ufc.pds.view.MensagemCamposDeAcao.MensagemCamposDeAcao.(Anon_1)",0,1,1,,0,1,0,2,1,4,0,1,
Public Method,"br.ufc.pds.view.MensagemCamposDeAcao.MensagemCamposDeAcao.(Anon_1).actionPerformed",,,1,1,0,,,,,3,0,,
Private Method,"br.ufc.pds.view.MensagemCamposDeAcao.onOK",,,1,1,0,,,,,3,1,,
Public Class,"br.ufc.pds.view.MensagemSorteReves",54,1,4,,0,2,0,1,0,58,14,4,
Public Method,"br.ufc.pds.view.MensagemSorteReves.$$$getRootComponent$$$",,,1,1,0,,,,,3,3,,
Private Method,"br.ufc.pds.view.MensagemSorteReves.$$$setupUI$$$",,,1,1,0,,,,,24,7,,
Public Constructor,"br.ufc.pds.view.MensagemSorteReves.MensagemSorteReves",,,1,1,0,,,,,17,0,,
Class,"br.ufc.pds.view.MensagemSorteReves.MensagemSorteReves.(Anon_1)",0,1,1,,0,1,0,2,1,4,0,1,
Public Method,"br.ufc.pds.view.MensagemSorteReves.MensagemSorteReves.(Anon_1).actionPerformed",,,1,1,0,,,,,3,0,,
Private Method,"br.ufc.pds.view.MensagemSorteReves.onOK",,,1,1,0,,,,,3,1,,
Public Class,"br.ufc.pds.view.MostrarPedidoDeCompra",61,1,6,,0,2,0,1,0,89,16,6,
Public Method,"br.ufc.pds.view.MostrarPedidoDeCompra.$$$getRootComponent$$$",,,1,1,0,,,,,3,3,,
Private Method,"br.ufc.pds.view.MostrarPedidoDeCompra.$$$setupUI$$$",,,1,1,0,,,,,33,7,,
Public Constructor,"br.ufc.pds.view.MostrarPedidoDeCompra.MostrarPedidoDeCompra",,,1,1,0,,,,,31,2,,
Class,"br.ufc.pds.view.MostrarPedidoDeCompra.MostrarPedidoDeCompra.(Anon_1)",0,1,1,,0,1,0,2,1,4,0,1,
Public Method,"br.ufc.pds.view.MostrarPedidoDeCompra.MostrarPedidoDeCompra.(Anon_1).actionPerformed",,,1,1,0,,,,,3,0,,
Class,"br.ufc.pds.view.MostrarPedidoDeCompra.MostrarPedidoDeCompra.(Anon_2)",0,1,1,,0,1,0,2,1,4,0,1,
Public Method,"br.ufc.pds.view.MostrarPedidoDeCompra.MostrarPedidoDeCompra.(Anon_2).actionPerformed",,,1,1,0,,,,,3,0,,
Class,"br.ufc.pds.view.MostrarPedidoDeCompra.MostrarPedidoDeCompra.(Anon_3)",0,1,1,,0,1,0,2,1,4,0,1,
Public Method,"br.ufc.pds.view.MostrarPedidoDeCompra.MostrarPedidoDeCompra.(Anon_3).windowClosing",,,1,1,0,,,,,3,0,,
Class,"br.ufc.pds.view.MostrarPedidoDeCompra.MostrarPedidoDeCompra.(Anon_4)",0,1,1,,0,1,0,2,1,4,0,1,
Public Method,"br.ufc.pds.view.MostrarPedidoDeCompra.MostrarPedidoDeCompra.(Anon_4).actionPerformed",,,1,1,0,,,,,3,0,,
Public Method,"br.ufc.pds.view.MostrarPedidoDeCompra.getAceito",,,1,1,0,,,,,3,0,,
Private Method,"br.ufc.pds.view.MostrarPedidoDeCompra.onCancel",,,1,1,0,,,,,3,1,,
Private Method,"br.ufc.pds.view.MostrarPedidoDeCompra.onOK",,,1,1,0,,,,,4,0,,
Public Class,"br.ufc.pds.view.RealizarConstrucao",59,1,6,,0,2,0,1,0,87,15,6,
Public Method,"br.ufc.pds.view.RealizarConstrucao.$$$getRootComponent$$$",,,1,1,0,,,,,3,3,,
Private Method,"br.ufc.pds.view.RealizarConstrucao.$$$setupUI$$$",,,1,1,0,,,,,30,7,,
Public Constructor,"br.ufc.pds.view.RealizarConstrucao.RealizarConstrucao",,,1,1,0,,,,,31,2,,
Class,"br.ufc.pds.view.RealizarConstrucao.RealizarConstrucao.(Anon_1)",0,1,1,,0,1,0,2,1,4,0,1,
Public Method,"br.ufc.pds.view.RealizarConstrucao.RealizarConstrucao.(Anon_1).actionPerformed",,,1,1,0,,,,,3,0,,
Class,"br.ufc.pds.view.RealizarConstrucao.RealizarConstrucao.(Anon_2)",0,1,1,,0,1,0,2,1,4,0,1,
Public Method,"br.ufc.pds.view.RealizarConstrucao.RealizarConstrucao.(Anon_2).actionPerformed",,,1,1,0,,,,,3,0,,
Class,"br.ufc.pds.view.RealizarConstrucao.RealizarConstrucao.(Anon_3)",0,1,1,,0,1,0,2,1,4,0,1,
Public Method,"br.ufc.pds.view.RealizarConstrucao.RealizarConstrucao.(Anon_3).windowClosing",,,1,1,0,,,,,3,0,,
Class,"br.ufc.pds.view.RealizarConstrucao.RealizarConstrucao.(Anon_4)",0,1,1,,0,1,0,2,1,4,0,1,
Public Method,"br.ufc.pds.view.RealizarConstrucao.RealizarConstrucao.(Anon_4).actionPerformed",,,1,1,0,,,,,3,0,,
Public Method,"br.ufc.pds.view.RealizarConstrucao.isConstuir",,,1,1,0,,,,,3,0,,
Private Method,"br.ufc.pds.view.RealizarConstrucao.onCancel",,,1,1,0,,,,,4,0,,
Private Method,"br.ufc.pds.view.RealizarConstrucao.onOK",,,1,1,0,,,,,4,0,,
Public Class,"br.ufc.pds.view.SelecionarQtdJogadores",52,1,5,,0,2,0,1,0,58,13,5,
Public Method,"br.ufc.pds.view.SelecionarQtdJogadores.$$$getRootComponent$$$",,,1,1,0,,,,,3,3,,
Private Method,"br.ufc.pds.view.SelecionarQtdJogadores.$$$setupUI$$$",,,1,1,0,,,,,24,7,,
Public Constructor,"br.ufc.pds.view.SelecionarQtdJogadores.SelecionarQtdJogadores",,,1,1,0,,,,,14,0,,
Class,"br.ufc.pds.view.SelecionarQtdJogadores.SelecionarQtdJogadores.(Anon_1)",0,1,1,,0,1,0,2,1,4,0,1,
Public Method,"br.ufc.pds.view.SelecionarQtdJogadores.SelecionarQtdJogadores.(Anon_1).actionPerformed",,,1,1,0,,,,,3,0,,
Public Method,"br.ufc.pds.view.SelecionarQtdJogadores.getQtdJogadores",,,1,1,0,,,,,3,0,,
Private Method,"br.ufc.pds.view.SelecionarQtdJogadores.onOK",,,1,1,0,,,,,4,0,,
Package,"br.ufc.pds.view.TelaPrincipal",,1,9,,1,,,,,48,6,8,1
Public Class,"br.ufc.pds.view.TelaPrincipal.TelaPrincipal",75,1,9,,1,1,0,1,5,41,6,8,
Private Constructor,"br.ufc.pds.view.TelaPrincipal.TelaPrincipal.TelaPrincipal",,,1,1,0,,,,,4,1,,
Public Method,"br.ufc.pds.view.TelaPrincipal.TelaPrincipal.closeJanela",,,1,1,0,,,,,3,0,,
Public Method,"br.ufc.pds.view.TelaPrincipal.TelaPrincipal.displayJanelaPrincipal",,,1,1,0,,,,,3,0,,
Public Method,"br.ufc.pds.view.TelaPrincipal.TelaPrincipal.drawBackgroud",,,1,1,0,,,,,3,0,,
Public Static Method,"br.ufc.pds.view.TelaPrincipal.TelaPrincipal.getInstance",,,1,1,0,,,,,3,0,,
Public Method,"br.ufc.pds.view.TelaPrincipal.TelaPrincipal.renderCasasHoteis",,,2,1,1,,,,,10,3,,
Public Method,"br.ufc.pds.view.TelaPrincipal.TelaPrincipal.renderPeca",,,1,1,0,,,,,5,1,,
Public Method,"br.ufc.pds.view.TelaPrincipal.TelaPrincipal.renderProprietario",,,1,1,0,,,,,5,1,,
